github,toc_file,section,title,repo_path,derived_url,exl_url,match_method,http_status
AdobeDocs/customer-journey-analytics-learn.en,help/cja-main/TOC.md,Adobe Product Analytics,Adobe Product Analytics overview,help/cja-main/adobe-product-analytics/adobe-product-analytics-overview.md,https://experienceleague.adobe.com/en/docs/analytics-platform/using/adobe-product-analytics/adobe-product-analytics-overview,https://experienceleague.adobe.com/en/docs/analytics-platform/using/adobe-product-analytics/adobe-product-analytics-overview,toc_slug_match,dead
AdobeDocs/customer-journey-analytics-learn.en,help/cja-main/TOC.md,Annotations,Create an annotation,help/cja-main/analysis-workspace/annotations/create-an-annotation.md,https://experienceleague.adobe.com/en/docs/analytics-platform/using/cja-workspace/annotations/create-an-annotation,https://experienceleague.adobe.com/en/docs/analytics-platform/using/cja-workspace/annotations/create-an-annotation,toc_slug_match,dead
AdobeDocs/customer-journey-analytics-learn.en,help/cja-main/TOC.md,Curate and share,Data Storytelling: Generate slide presentations,help/cja-main/analysis-workspace/curate-and-share/data-storytelling-generate-slides.md,https://experienceleague.adobe.com/en/docs/analytics-platform/using/cja-workspace/export/data-storytelling-generate-slides,https://experienceleague.adobe.com/en/docs/analytics-platform/using/cja-workspace/export/data-storytelling-generate-slides,toc_slug_match,dead
AdobeDocs/customer-journey-analytics-learn.en,help/cja-main/TOC.md,Curate and share,Share with anyone in Analysis Workspace,help/cja-main/analysis-workspace/curate-and-share/share-with-anyone-in-analysis-workspace.md,https://experienceleague.adobe.com/en/docs/analytics-platform/using/cja-workspace/export/share-with-anyone-in-analysis-workspace,https://experienceleague.adobe.com/en/docs/analytics-platform/using/cja-workspace/export/share-with-anyone-in-analysis-workspace,toc_slug_match,dead
AdobeDocs/customer-journey-analytics-learn.en,help/cja-main/TOC.md,Panels,Add components to the freeform panel,help/cja-main/analysis-workspace/panels/add-components-to-the-freeform-panel.md,https://experienceleague.adobe.com/en/docs/analytics-platform/using/cja-workspace/panels/add-components-to-the-freeform-panel,https://experienceleague.adobe.com/en/docs/analytics-platform/using/cja-workspace/panels/add-components-to-the-freeform-panel,toc_slug_match,dead
AdobeDocs/customer-journey-analytics-learn.en,help/cja-main/TOC.md,Panels,Build the attribution panel,help/cja-main/analysis-workspace/panels/build-the-attribution-panel.md,https://experienceleague.adobe.com/en/docs/analytics-platform/using/cja-workspace/panels/build-the-attribution-panel,https://experienceleague.adobe.com/en/docs/analytics-platform/using/cja-workspace/panels/build-the-attribution-panel,toc_slug_match,dead
AdobeDocs/customer-journey-analytics-learn.en,help/cja-main/TOC.md,Panels,Configure the next and previous item panel,help/cja-main/analysis-workspace/panels/configure-next-previous-item-panel.md,https://experienceleague.adobe.com/en/docs/analytics-platform/using/cja-workspace/panels/configure-next-previous-item-panel,https://experienceleague.adobe.com/en/docs/analytics-platform/using/cja-workspace/panels/configure-next-previous-item-panel,toc_slug_match,dead
AdobeDocs/customer-journey-analytics-learn.en,help/cja-main/TOC.md,Panels,Use the experimentation panel,help/cja-main/analysis-workspace/panels/use-the-experimentation-panel.md,https://experienceleague.adobe.com/en/docs/analytics-platform/using/cja-workspace/panels/use-the-experimentation-panel,https://experienceleague.adobe.com/en/docs/analytics-platform/using/cja-workspace/panels/use-the-experimentation-panel,toc_slug_match,dead
AdobeDocs/customer-journey-analytics-learn.en,help/cja-main/TOC.md,Panels,Use the quick insights panel,help/cja-main/analysis-workspace/panels/use-the-quick-insights-panel.md,https://experienceleague.adobe.com/en/docs/analytics-platform/using/cja-workspace/panels/use-the-quick-insights-panel,https://experienceleague.adobe.com/en/docs/analytics-platform/using/cja-workspace/panels/use-the-quick-insights-panel,toc_slug_match,dead
AdobeDocs/customer-journey-analytics-learn.en,help/cja-main/TOC.md,Templates,Create custom templates,help/cja-main/analysis-workspace/templates/create-custom-templates.md,https://experienceleague.adobe.com/en/docs/analytics-platform/using/cja-workspace/templates/create-custom-templates,https://experienceleague.adobe.com/en/docs/analytics-platform/using/cja-workspace/templates/create-custom-templates,toc_slug_match,dead
AdobeDocs/customer-journey-analytics-learn.en,help/cja-main/TOC.md,Templates,Use templates,help/cja-main/analysis-workspace/templates/use-templates.md,https://experienceleague.adobe.com/en/docs/analytics-platform/using/cja-workspace/templates/use-templates,https://experienceleague.adobe.com/en/docs/analytics-platform/using/cja-workspace/templates/use-templates,derived,live
AdobeDocs/customer-journey-analytics-learn.en,help/cja-main/TOC.md,Tips and tricks,Create dynamic drop-down segments,help/cja-main/analysis-workspace/tips-and-tricks/dynamic-drop-downs.md,https://experienceleague.adobe.com/en/docs/analytics-platform/using/cja-workspace/tips-and-tricks/dynamic-drop-downs,https://experienceleague.adobe.com/en/docs/analytics-platform/using/cja-workspace/tips-and-tricks/dynamic-drop-downs,toc_slug_match,dead
AdobeDocs/customer-journey-analytics-learn.en,help/cja-main/TOC.md,Visualizations,Add area visualizations,help/cja-main/analysis-workspace/visualizations/add-area-visualizations.md,https://experienceleague.adobe.com/en/docs/analytics-platform/using/cja-workspace/visualizations/add-area-visualizations,https://experienceleague.adobe.com/en/docs/analytics-platform/using/cja-workspace/visualizations/add-area-visualizations,toc_slug_match,dead
AdobeDocs/customer-journey-analytics-learn.en,help/cja-main/TOC.md,Visualizations,Add bar visualizations,help/cja-main/analysis-workspace/visualizations/add-bar-visualizations.md,https://experienceleague.adobe.com/en/docs/analytics-platform/using/cja-workspace/visualizations/add-bar-visualizations,https://experienceleague.adobe.com/en/docs/analytics-platform/using/cja-workspace/visualizations/add-bar-visualizations,toc_slug_match,dead
AdobeDocs/customer-journey-analytics-learn.en,help/cja-main/TOC.md,Visualizations,Add bullet graph visualizations,help/cja-main/analysis-workspace/visualizations/add-bullet-graph-visualizations.md,https://experienceleague.adobe.com/en/docs/analytics-platform/using/cja-workspace/visualizations/add-bullet-graph-visualizations,https://experienceleague.adobe.com/en/docs/analytics-platform/using/cja-workspace/visualizations/add-bullet-graph-visualizations,toc_slug_match,dead
AdobeDocs/customer-journey-analytics-learn.en,help/cja-main/TOC.md,Visualizations,Add donut visualizations,help/cja-main/analysis-workspace/visualizations/add-donut-visualizations.md,https://experienceleague.adobe.com/en/docs/analytics-platform/using/cja-workspace/visualizations/add-donut-visualizations,https://experienceleague.adobe.com/en/docs/analytics-platform/using/cja-workspace/visualizations/add-donut-visualizations,toc_slug_match,dead
AdobeDocs/customer-journey-analytics-learn.en,help/cja-main/TOC.md,Visualizations,Add text visualizations,help/cja-main/analysis-workspace/visualizations/add-text-visualizations.md,https://experienceleague.adobe.com/en/docs/analytics-platform/using/cja-workspace/visualizations/add-text-visualizations,https://experienceleague.adobe.com/en/docs/analytics-platform/using/cja-workspace/visualizations/add-text-visualizations,toc_slug_match,dead
AdobeDocs/customer-journey-analytics-learn.en,help/cja-main/TOC.md,Visualizations,Add tree map visualizations,help/cja-main/analysis-workspace/visualizations/add-treemap-visualizations.md,https://experienceleague.adobe.com/en/docs/analytics-platform/using/cja-workspace/visualizations/add-treemap-visualizations,https://experienceleague.adobe.com/en/docs/analytics-platform/using/cja-workspace/visualizations/add-treemap-visualizations,toc_slug_match,dead
AdobeDocs/customer-journey-analytics-learn.en,help/cja-main/TOC.md,Visualizations,Add and configure the map visualization,help/cja-main/analysis-workspace/visualizations/configure-and-use-the-map-visualization.md,https://experienceleague.adobe.com/en/docs/analytics-platform/using/cja-workspace/visualizations/configure-and-use-the-map-visualization,https://experienceleague.adobe.com/en/docs/analytics-platform/using/cja-workspace/visualizations/configure-and-use-the-map-visualization,toc_slug_match,dead
AdobeDocs/customer-journey-analytics-learn.en,help/cja-main/TOC.md,Visualizations,Create 100% stacked visualizations,help/cja-main/analysis-workspace/visualizations/create-stacked-visualizations.md,https://experienceleague.adobe.com/en/docs/analytics-platform/using/cja-workspace/visualizations/create-stacked-visualizations,https://experienceleague.adobe.com/en/docs/analytics-platform/using/cja-workspace/visualizations/create-stacked-visualizations,toc_slug_match,dead
AdobeDocs/customer-journey-analytics-learn.en,help/cja-main/TOC.md,Visualizations,Create cross-channel visualizations,help/cja-main/analysis-workspace/visualizations/creating-cross-channel-visualizations-in-customer-journey-analytics.md,https://experienceleague.adobe.com/en/docs/analytics-platform/using/cja-workspace/visualizations/creating-cross-channel-visualizations,https://experienceleague.adobe.com/en/docs/analytics-platform/using/cja-workspace/visualizations/creating-cross-channel-visualizations,toc_slug_match,dead
AdobeDocs/customer-journey-analytics-learn.en,help/cja-main/TOC.md,Visualizations,Cross-channel attribution,help/cja-main/analysis-workspace/visualizations/cross-channel-attribution-in-customer-journey-analytics.md,https://experienceleague.adobe.com/en/docs/analytics-platform/using/cja-workspace/visualizations/cross-channel-attribution,https://experienceleague.adobe.com/en/docs/analytics-platform/using/cja-workspace/visualizations/cross-channel-attribution,toc_slug_match,dead
AdobeDocs/customer-journey-analytics-learn.en,help/cja-main/TOC.md,Visualizations,Dimension-Graph Live Linking,help/cja-main/analysis-workspace/visualizations/dimension-graph-live-linking.md,https://experienceleague.adobe.com/en/docs/analytics-platform/using/cja-workspace/visualizations/dimension-graph-live-linking,https://experienceleague.adobe.com/en/docs/analytics-platform/using/cja-workspace/visualizations/dimension-graph-live-linking,toc_slug_match,dead
AdobeDocs/customer-journey-analytics-learn.en,help/cja-main/TOC.md,Visualizations,Add forecasting to your visualization,help/cja-main/analysis-workspace/visualizations/forecasting.md,https://experienceleague.adobe.com/en/docs/analytics-platform/using/cja-workspace/visualizations/forecasting,https://experienceleague.adobe.com/en/docs/analytics-platform/using/cja-workspace/visualizations/forecasting,toc_slug_match,dead
AdobeDocs/customer-journey-analytics-learn.en,help/cja-main/TOC.md,Visualizations,Getting data into visualizations,help/cja-main/analysis-workspace/visualizations/getting-data-into-visualizations.md,https://experienceleague.adobe.com/en/docs/analytics-platform/using/cja-workspace/visualizations/getting-data-into-visualizations,https://experienceleague.adobe.com/en/docs/analytics-platform/using/cja-workspace/visualizations/getting-data-into-visualizations,toc_slug_match,dead
AdobeDocs/customer-journey-analytics-learn.en,help/cja-main/TOC.md,Visualizations,Create intelligent captions,help/cja-main/analysis-workspace/visualizations/intelligent-captions.md,https://experienceleague.adobe.com/en/docs/analytics-platform/using/cja-workspace/visualizations/intelligent-captions,https://experienceleague.adobe.com/en/docs/analytics-platform/using/cja-workspace/visualizations/intelligent-captions,derived,live
AdobeDocs/customer-journey-analytics-learn.en,help/cja-main/TOC.md,Visualizations,Add line visualizations,help/cja-main/analysis-workspace/visualizations/line-visualization.md,https://experienceleague.adobe.com/en/docs/analytics-platform/using/cja-workspace/visualizations/line-visualization,https://experienceleague.adobe.com/en/docs/analytics-platform/using/cja-workspace/visualizations/line-visualization,toc_slug_match,dead
AdobeDocs/customer-journey-analytics-learn.en,help/cja-main/TOC.md,Visualizations,Multiple dimension columns in freeform tables,help/cja-main/analysis-workspace/visualizations/multiple-dimension-columns-in-freeform-tables.md,https://experienceleague.adobe.com/en/docs/analytics-platform/using/cja-workspace/visualizations/multiple-dimension-columns-in-freeform-tables,https://experienceleague.adobe.com/en/docs/analytics-platform/using/cja-workspace/visualizations/multiple-dimension-columns-in-freeform-tables,toc_slug_match,dead
AdobeDocs/customer-journey-analytics-learn.en,help/cja-main/TOC.md,Visualizations,Add scatter visualizations,help/cja-main/analysis-workspace/visualizations/use-scatterplot-visualizations.md,https://experienceleague.adobe.com/en/docs/analytics-platform/using/cja-workspace/visualizations/use-scatterplot-visualizations,https://experienceleague.adobe.com/en/docs/analytics-platform/using/cja-workspace/visualizations/use-scatterplot-visualizations,toc_slug_match,dead
AdobeDocs/customer-journey-analytics-learn.en,help/cja-main/TOC.md,Visualizations,Add summary visualizations,help/cja-main/analysis-workspace/visualizations/use-summary-visualizations.md,https://experienceleague.adobe.com/en/docs/analytics-platform/using/cja-workspace/visualizations/use-summary-visualizations,https://experienceleague.adobe.com/en/docs/analytics-platform/using/cja-workspace/visualizations/use-summary-visualizations,toc_slug_match,dead
AdobeDocs/customer-journey-analytics-learn.en,help/cja-main/TOC.md,Workspace projects,Analysis Workspace overview,help/cja-main/analysis-workspace/workspace-projects/analysis-workspace-overview.md,https://experienceleague.adobe.com/en/docs/analytics-platform/using/cja-workspace/workspace-projects/analysis-workspace-overview,https://experienceleague.adobe.com/en/docs/analytics-platform/using/cja-workspace/workspace-projects/analysis-workspace-overview,toc_slug_match,dead
AdobeDocs/customer-journey-analytics-learn.en,help/cja-main/TOC.md,Workspace projects,Analysis Workspace Templates,help/cja-main/analysis-workspace/workspace-projects/analysis-workspace-templates.md,https://experienceleague.adobe.com/en/docs/analytics-platform/using/cja-workspace/workspace-projects/analysis-workspace-templates,https://experienceleague.adobe.com/en/docs/analytics-platform/using/cja-workspace/workspace-projects/analysis-workspace-templates,toc_slug_match,dead
AdobeDocs/customer-journey-analytics-learn.en,help/cja-main/TOC.md,Workspace projects,Build a new project,help/cja-main/analysis-workspace/workspace-projects/build-a-new-project.md,https://experienceleague.adobe.com/en/docs/analytics-platform/using/cja-workspace/workspace-projects/build-a-new-project,https://experienceleague.adobe.com/en/docs/analytics-platform/using/cja-workspace/workspace-projects/build-a-new-project,toc_slug_match,dead
AdobeDocs/customer-journey-analytics-learn.en,help/cja-main/TOC.md,Journey analysis,Journey canvas visualization,help/cja-main/analysis-workspace/workspace-projects/journey-analysis/journey-canvas-viz.md,https://experienceleague.adobe.com/en/docs/analytics-platform/using/cja-workspace/workspace-projects/journey-analysis/journey-canvas-viz,https://experienceleague.adobe.com/en/docs/analytics-platform/using/cja-workspace/workspace-projects/journey-analysis/journey-canvas-viz,toc_slug_match,dead
AdobeDocs/customer-journey-analytics-learn.en,help/cja-main/TOC.md,Workspace projects,Workspace commenting,help/cja-main/analysis-workspace/workspace-projects/workspace-commenting.md,https://experienceleague.adobe.com/en/docs/analytics-platform/using/cja-workspace/workspace-projects/workspace-commenting,https://experienceleague.adobe.com/en/docs/analytics-platform/using/cja-workspace/workspace-projects/workspace-commenting,toc_slug_match,dead
AdobeDocs/customer-journey-analytics-learn.en,help/cja-main/TOC.md,Architecture,Architecture and integrations,help/cja-main/architecture/architecture-and-integrations-of-cja.md,https://experienceleague.adobe.com/en/docs/analytics-platform/using/architecture/architecture-and-integrations-of-cja,https://experienceleague.adobe.com/en/docs/analytics-platform/using/architecture/architecture-and-integrations-of-cja,toc_slug_match,dead
AdobeDocs/customer-journey-analytics-learn.en,help/cja-main/TOC.md,Customer Journey Analytics B2B Edition,CJA B2B Edition - Beyond the first questions,help/cja-main/b2b/cja-b2b-beyond-the-first-questions.md,https://experienceleague.adobe.com/en/docs/analytics-platform/using/b2b/cja-b2b-beyond-the-first-questions,https://experienceleague.adobe.com/en/docs/analytics-platform/using/b2b/cja-b2b-beyond-the-first-questions,toc_slug_match,dead
AdobeDocs/customer-journey-analytics-learn.en,help/cja-main/TOC.md,Customer Journey Analytics B2B Edition,Introduction to Customer Journey Analytics - B2B Edition,help/cja-main/b2b/cja-b2b-overview.md,https://experienceleague.adobe.com/en/docs/analytics-platform/using/b2b/cja-b2b-overview,https://experienceleague.adobe.com/en/docs/analytics-platform/using/b2b/cja-b2b-overview,toc_slug_match,dead
AdobeDocs/customer-journey-analytics-learn.en,help/cja-main/TOC.md,Customer Journey Analytics B2B Edition,Integrate CJA with Marketo for B2B Insights,help/cja-main/b2b/integrate-cja-with-marketo-for-b2b-insights.md,https://experienceleague.adobe.com/en/docs/analytics-platform/using/b2b/integrate-cja-with-marketo-for-b2b-insights,https://experienceleague.adobe.com/en/docs/analytics-platform/using/b2b/integrate-cja-with-marketo-for-b2b-insights,toc_slug_match,dead
AdobeDocs/customer-journey-analytics-learn.en,help/cja-main/TOC.md,Customer Journey Analytics basics,Customer Journey Analytics landing page,help/cja-main/cja-basics/customer-journey-analytics-landing-page.md,https://experienceleague.adobe.com/en/docs/analytics-platform/using/compare-aa-cja/customer-journey-analytics-landing-page,https://experienceleague.adobe.com/en/docs/analytics-platform/using/compare-aa-cja/customer-journey-analytics-landing-page,toc_slug_match,dead
AdobeDocs/customer-journey-analytics-learn.en,help/cja-main/TOC.md,Customer Journey Analytics basics,Analytics to CJA: New terms and how they map,help/cja-main/cja-basics/new-terms-and-concepts-in-cja.md,https://experienceleague.adobe.com/en/docs/analytics-platform/using/compare-aa-cja/new-terms-and-concepts,https://experienceleague.adobe.com/en/docs/analytics-platform/using/compare-aa-cja/new-terms-and-concepts,toc_slug_match,dead
AdobeDocs/customer-journey-analytics-learn.en,help/cja-main/TOC.md,Customer Journey Analytics basics,Introduction to Customer Journey Analytics,help/cja-main/cja-basics/understanding-customer-journey-analytics.md,https://experienceleague.adobe.com/en/docs/analytics-platform/using/compare-aa-cja/understanding-customer-journey-analytics,https://experienceleague.adobe.com/en/docs/analytics-platform/using/compare-aa-cja/understanding-customer-journey-analytics,toc_slug_match,dead
AdobeDocs/customer-journey-analytics-learn.en,help/cja-main/TOC.md,Customer Journey Analytics basics,Use AI Assistant,help/cja-main/cja-basics/use-ai-assistant.md,https://experienceleague.adobe.com/en/docs/analytics-platform/using/compare-aa-cja/use-ai-assistant,https://experienceleague.adobe.com/en/docs/analytics-platform/using/compare-aa-cja/use-ai-assistant,toc_slug_match,dead
AdobeDocs/customer-journey-analytics-learn.en,help/cja-main/TOC.md,Customer Journey Analytics basics,What is Customer Journey Analytics?,help/cja-main/cja-basics/what-is-customer-journey-analytics.md,https://experienceleague.adobe.com/en/docs/analytics-platform/using/compare-aa-cja/what-is-customer-journey-analytics,https://experienceleague.adobe.com/en/docs/analytics-platform/using/compare-aa-cja/what-is-customer-journey-analytics,toc_slug_match,dead
AdobeDocs/customer-journey-analytics-learn.en,help/cja-main/TOC.md,Customer Journey Analytics basics,Why CJA? Strategic review of CJA vs. Adobe Analytics,help/cja-main/cja-basics/why-cja-modernize-customer-analytics.md,https://experienceleague.adobe.com/en/docs/analytics-platform/using/compare-aa-cja/why-cja-modernize-customer-analytics,https://experienceleague.adobe.com/en/docs/analytics-platform/using/compare-aa-cja/why-cja-modernize-customer-analytics,toc_slug_match,dead
AdobeDocs/customer-journey-analytics-learn.en,help/cja-main/TOC.md,Audiences,Audience publishing,help/cja-main/components/audiences/audience-publishing-for-cja.md,https://experienceleague.adobe.com/en/docs/analytics-platform/using/cja-components/audiences/audience-publishing-for-cja,https://experienceleague.adobe.com/en/docs/analytics-platform/using/cja-components/audiences/audience-publishing-for-cja,toc_slug_match,dead
AdobeDocs/customer-journey-analytics-learn.en,help/cja-main/TOC.md,Calculated metrics,Introduction to calculated metrics in Customer Journey Analytics,help/cja-main/components/calc-metrics/introduction-to-calculated-metrics-in-customer-journey-analytics.md,https://experienceleague.adobe.com/en/docs/analytics-platform/using/cja-components/calc-metrics/introduction-to-calculated-metrics,https://experienceleague.adobe.com/en/docs/analytics-platform/using/cja-components/calc-metrics/introduction-to-calculated-metrics,toc_slug_match,dead
AdobeDocs/customer-journey-analytics-learn.en,help/cja-main/TOC.md,Calculated metrics,Move your calculated metrics from Adobe Analytics to Customer Journey Analytics,help/cja-main/components/calc-metrics/moving-your-calculated-metrics-from-adobe-analytics-to-customer-journey-analytics.md,https://experienceleague.adobe.com/en/docs/analytics-platform/using/cja-components/calc-metrics/moving-your-calculated-metrics-from-adobe-analytics-to-customer-journey-analytics,https://experienceleague.adobe.com/en/docs/analytics-platform/using/cja-components/calc-metrics/moving-your-calculated-metrics-from-adobe-analytics-to-customer-journey-analytics,toc_slug_match,dead
AdobeDocs/customer-journey-analytics-learn.en,help/cja-main/TOC.md,Data Dictionary,Use Data Dictionary,help/cja-main/components/data-dictionary/use-data-dictionary.md,https://experienceleague.adobe.com/en/docs/analytics-platform/using/cja-components/data-dictionary/use-data-dictionary,https://experienceleague.adobe.com/en/docs/analytics-platform/using/cja-components/data-dictionary/use-data-dictionary,toc_slug_match,dead
AdobeDocs/customer-journey-analytics-learn.en,help/cja-main/TOC.md,Dimensions,Event Depth,help/cja-main/components/dimensions/event-depth-in-cja.md,https://experienceleague.adobe.com/en/docs/analytics-platform/using/cja-components/dimensions/event-depth,https://experienceleague.adobe.com/en/docs/analytics-platform/using/cja-components/dimensions/event-depth,toc_slug_match,dead
AdobeDocs/customer-journey-analytics-learn.en,help/cja-main/TOC.md,Segments,Create a quick segment,help/cja-main/components/filters/create-a-quick-filter.md,https://experienceleague.adobe.com/en/docs/analytics-platform/using/cja-components/filters/create-a-quick-filter,https://experienceleague.adobe.com/en/docs/analytics-platform/using/cja-components/filters/create-a-quick-filter,toc_slug_match,dead
AdobeDocs/customer-journey-analytics-learn.en,help/cja-main/TOC.md,Segments,Create audiences from segments,help/cja-main/components/filters/create-audiences-from-segments.md,https://experienceleague.adobe.com/en/docs/analytics-platform/using/cja-components/filters/create-audiences-from-segments,https://experienceleague.adobe.com/en/docs/analytics-platform/using/cja-components/filters/create-audiences-from-segments,toc_slug_match,dead
AdobeDocs/customer-journey-analytics-learn.en,help/cja-main/TOC.md,Segments,Create cross-channel segments,help/cja-main/components/filters/creating-cross-channel-filters-in-customer-journey-analytics.md,https://experienceleague.adobe.com/en/docs/analytics-platform/using/cja-components/filters/creating-cross-channel-filters,https://experienceleague.adobe.com/en/docs/analytics-platform/using/cja-components/filters/creating-cross-channel-filters,toc_slug_match,dead
AdobeDocs/customer-journey-analytics-learn.en,help/cja-main/TOC.md,Segments,Segments overview,help/cja-main/components/filters/introduction-to-filters-in-cja.md,https://experienceleague.adobe.com/en/docs/analytics-platform/using/cja-components/filters/introduction-to-filters,https://experienceleague.adobe.com/en/docs/analytics-platform/using/cja-components/filters/introduction-to-filters,toc_slug_match,dead
AdobeDocs/customer-journey-analytics-learn.en,help/cja-main/TOC.md,Segments,Move Adobe Analytics segments to Customer Journey Analytics,help/cja-main/components/filters/moving-adobe-analytics-segments-to-customer-journey-analytics.md,https://experienceleague.adobe.com/en/docs/analytics-platform/using/cja-components/filters/moving-adobe-analytics-segments-to-customer-journey-analytics,https://experienceleague.adobe.com/en/docs/analytics-platform/using/cja-components/filters/moving-adobe-analytics-segments-to-customer-journey-analytics,toc_slug_match,dead
AdobeDocs/customer-journey-analytics-learn.en,help/cja-main/TOC.md,Segments,Use segments as dimensions,help/cja-main/components/filters/use-filters-as-dimensions.md,https://experienceleague.adobe.com/en/docs/analytics-platform/using/cja-components/filters/use-filters-as-dimensions,https://experienceleague.adobe.com/en/docs/analytics-platform/using/cja-components/filters/use-filters-as-dimensions,toc_slug_match,dead
AdobeDocs/customer-journey-analytics-learn.en,help/cja-main/TOC.md,Segments,Real-time reporting,help/cja-main/components/real-time-reporting.md,https://experienceleague.adobe.com/en/docs/analytics-platform/using/cja-components/real-time-reporting,https://experienceleague.adobe.com/en/docs/analytics-platform/using/cja-components/real-time-reporting,toc_slug_match,dead
AdobeDocs/customer-journey-analytics-learn.en,help/cja-main/TOC.md,Connections,Add new data to a connection,help/cja-main/connections/add-past-data-to-an-existing-connection-in-cja.md,https://experienceleague.adobe.com/en/docs/analytics-platform/using/cja-connections/add-past-data-to-an-existing-connection,https://experienceleague.adobe.com/en/docs/analytics-platform/using/cja-connections/add-past-data-to-an-existing-connection,toc_slug_match,dead
AdobeDocs/customer-journey-analytics-learn.en,help/cja-main/TOC.md,Connections,CJA lookups for lookup and profile data,help/cja-main/connections/cja-lookup-data.md,https://experienceleague.adobe.com/en/docs/analytics-platform/using/cja-connections/cja-lookup-data,https://experienceleague.adobe.com/en/docs/analytics-platform/using/cja-connections/cja-lookup-data,toc_slug_match,dead
AdobeDocs/customer-journey-analytics-learn.en,help/cja-main/TOC.md,Connections,Connect to Experience Platform data sources,help/cja-main/connections/connecting-customer-journey-analytics-to-data-sources-in-platform.md,https://experienceleague.adobe.com/en/docs/analytics-platform/using/cja-connections/connecting-customer-journey-analytics-to-data-sources-in-platform,https://experienceleague.adobe.com/en/docs/analytics-platform/using/cja-connections/connecting-customer-journey-analytics-to-data-sources-in-platform,toc_slug_match,dead
AdobeDocs/customer-journey-analytics-learn.en,help/cja-main/TOC.md,Connections,"View, troubleshoot, and modify connection settings",help/cja-main/connections/connections-details-experience-in-cja.md,https://experienceleague.adobe.com/en/docs/analytics-platform/using/cja-connections/connections-details-experience,https://experienceleague.adobe.com/en/docs/analytics-platform/using/cja-connections/connections-details-experience,toc_slug_match,dead
AdobeDocs/customer-journey-analytics-learn.en,help/cja-main/TOC.md,Connections,Get started with Audience Analysis,help/cja-main/connections/get-started-with-audience-analysis.md,https://experienceleague.adobe.com/en/docs/analytics-platform/using/cja-connections/get-started-with-audience-analysis,https://experienceleague.adobe.com/en/docs/analytics-platform/using/cja-connections/get-started-with-audience-analysis,toc_slug_match,dead
AdobeDocs/customer-journey-analytics-learn.en,help/cja-main/TOC.md,Content Analytics,Create configuration,help/cja-main/content-analytics/create-configuration.md,https://experienceleague.adobe.com/en/docs/analytics-platform/using/content-analytics/create-configuration,https://experienceleague.adobe.com/en/docs/analytics-platform/using/content-analytics/create-configuration,toc_slug_match,dead
AdobeDocs/customer-journey-analytics-learn.en,help/cja-main/TOC.md,Content Analytics,Edit configuration,help/cja-main/content-analytics/edit-configuration.md,https://experienceleague.adobe.com/en/docs/analytics-platform/using/content-analytics/edit-configuration,https://experienceleague.adobe.com/en/docs/analytics-platform/using/content-analytics/edit-configuration,toc_slug_match,dead
AdobeDocs/customer-journey-analytics-learn.en,help/cja-main/TOC.md,Content Analytics,How it works,help/cja-main/content-analytics/how-it-works.md,https://experienceleague.adobe.com/en/docs/analytics-platform/using/content-analytics/how-it-works,https://experienceleague.adobe.com/en/docs/analytics-platform/using/content-analytics/how-it-works,toc_slug_match,dead
AdobeDocs/customer-journey-analytics-learn.en,help/cja-main/TOC.md,Content Analytics,Introduction,help/cja-main/content-analytics/introduction-to-content-analytics.md,https://experienceleague.adobe.com/en/docs/analytics-platform/using/content-analytics/introduction-to-content-analytics,https://experienceleague.adobe.com/en/docs/analytics-platform/using/content-analytics/introduction-to-content-analytics,toc_slug_match,dead
AdobeDocs/customer-journey-analytics-learn.en,help/cja-main/TOC.md,Content Analytics,Reporting,help/cja-main/content-analytics/reporting.md,https://experienceleague.adobe.com/en/docs/analytics-platform/using/content-analytics/reporting,https://experienceleague.adobe.com/en/docs/analytics-platform/using/content-analytics/reporting,toc_slug_match,dead
AdobeDocs/customer-journey-analytics-learn.en,help/cja-main/TOC.md,Dashboards (scorecards),Assist executives with mobile scorecard access,help/cja-main/dashboards/assist-executives-to-access-mobile-scorecards.md,https://experienceleague.adobe.com/en/docs/analytics-platform/using/dashboards/assist-executives-to-access-mobile-scorecards,https://experienceleague.adobe.com/en/docs/analytics-platform/using/dashboards/assist-executives-to-access-mobile-scorecards,toc_slug_match,dead
AdobeDocs/customer-journey-analytics-learn.en,help/cja-main/TOC.md,Dashboards (scorecards),Create a mobile scorecard,help/cja-main/dashboards/create-a-mobile-scorecard.md,https://experienceleague.adobe.com/en/docs/analytics-platform/using/dashboards/create-a-mobile-scorecard,https://experienceleague.adobe.com/en/docs/analytics-platform/using/dashboards/create-a-mobile-scorecard,toc_slug_match,dead
AdobeDocs/customer-journey-analytics-learn.en,help/cja-main/TOC.md,Data Insights Agent,Use cases,help/cja-main/data-insights-agent/data-insights-agent-use-cases.md,https://experienceleague.adobe.com/en/docs/analytics-platform/using/data-insights-agent/data-insights-agent-use-cases,https://experienceleague.adobe.com/en/docs/analytics-platform/using/data-insights-agent/data-insights-agent-use-cases,toc_slug_match,dead
AdobeDocs/customer-journey-analytics-learn.en,help/cja-main/TOC.md,Data Insights Agent,Integration with Microsoft 365 Copilot,help/cja-main/data-insights-agent/data-insights-with-marketing-agent-365copilot.md,https://experienceleague.adobe.com/en/docs/analytics-platform/using/data-insights-agent/data-insights-with-marketing-agent-365copilot,https://experienceleague.adobe.com/en/docs/analytics-platform/using/data-insights-agent/data-insights-with-marketing-agent-365copilot,toc_slug_match,dead
AdobeDocs/customer-journey-analytics-learn.en,help/cja-main/TOC.md,Data Insights Agent,Introduction,help/cja-main/data-insights-agent/introduction-to-the-data-insights-agent.md,https://experienceleague.adobe.com/en/docs/analytics-platform/using/data-insights-agent/introduction-to-the-data-insights-agent,https://experienceleague.adobe.com/en/docs/analytics-platform/using/data-insights-agent/introduction-to-the-data-insights-agent,toc_slug_match,dead
AdobeDocs/customer-journey-analytics-learn.en,help/cja-main/TOC.md,Data Insights Agent,Use the Data Insights Agent,help/cja-main/data-insights-agent/use-the-data-insights-agent.md,https://experienceleague.adobe.com/en/docs/analytics-platform/using/data-insights-agent/use-the-data-insights-agent,https://experienceleague.adobe.com/en/docs/analytics-platform/using/data-insights-agent/use-the-data-insights-agent,toc_slug_match,dead
AdobeDocs/customer-journey-analytics-learn.en,help/cja-main/TOC.md,Data prep and planning,Ingest and use Adobe Analytics classifications data,help/cja-main/data-prep/ingest-and-use-analytics-classifications.md,https://experienceleague.adobe.com/en/docs/analytics-platform/using/data-prep/ingest-and-use-analytics-classifications,https://experienceleague.adobe.com/en/docs/analytics-platform/using/data-prep/ingest-and-use-analytics-classifications,toc_slug_match,dead
AdobeDocs/customer-journey-analytics-learn.en,help/cja-main/TOC.md,Data prep and planning,"Ingest, map, and transform Adobe Analytics data",help/cja-main/data-prep/ingest-map-and-transform-adobe-analytics-data.md,https://experienceleague.adobe.com/en/docs/analytics-platform/using/data-prep/ingest-map-and-transform-adobe-analytics-data,https://experienceleague.adobe.com/en/docs/analytics-platform/using/data-prep/ingest-map-and-transform-adobe-analytics-data,toc_slug_match,dead
AdobeDocs/customer-journey-analytics-learn.en,help/cja-main/TOC.md,Data prep and planning,Working with data,help/cja-main/data-prep/working-with-data-in-cja.md,https://experienceleague.adobe.com/en/docs/analytics-platform/using/data-prep/working-with-data,https://experienceleague.adobe.com/en/docs/analytics-platform/using/data-prep/working-with-data,toc_slug_match,dead
AdobeDocs/customer-journey-analytics-learn.en,help/cja-main/TOC.md,Data views,Attribution settings in data views,help/cja-main/data-views/attribution-settings-in-data-views.md,https://experienceleague.adobe.com/en/docs/analytics-platform/using/cja-dataviews/attribution-settings-in-data-views,https://experienceleague.adobe.com/en/docs/analytics-platform/using/cja-dataviews/attribution-settings-in-data-views,toc_slug_match,dead
AdobeDocs/customer-journey-analytics-learn.en,help/cja-main/TOC.md,Data views,Basic configuration for data views,help/cja-main/data-views/basic-configuration-for-data-views.md,https://experienceleague.adobe.com/en/docs/analytics-platform/using/cja-dataviews/basic-configuration-for-data-views,https://experienceleague.adobe.com/en/docs/analytics-platform/using/cja-dataviews/basic-configuration-for-data-views,toc_slug_match,dead
AdobeDocs/customer-journey-analytics-learn.en,help/cja-main/TOC.md,Data views,Binding Dimensions in data views,help/cja-main/data-views/binding-dimensions-in-data-views.md,https://experienceleague.adobe.com/en/docs/analytics-platform/using/cja-dataviews/binding-dimensions-in-data-views,https://experienceleague.adobe.com/en/docs/analytics-platform/using/cja-dataviews/binding-dimensions-in-data-views,toc_slug_match,dead
AdobeDocs/customer-journey-analytics-learn.en,help/cja-main/TOC.md,Data views,Component type settings in data views,help/cja-main/data-views/component-type-settings-in-data-views.md,https://experienceleague.adobe.com/en/docs/analytics-platform/using/cja-dataviews/component-type-settings-in-data-views,https://experienceleague.adobe.com/en/docs/analytics-platform/using/cja-dataviews/component-type-settings-in-data-views,toc_slug_match,dead
AdobeDocs/customer-journey-analytics-learn.en,help/cja-main/TOC.md,Data views,Configure no value options in data views,help/cja-main/data-views/configure-no-value-options-in-data-views.md,https://experienceleague.adobe.com/en/docs/analytics-platform/using/cja-dataviews/configure-no-value-options-in-data-views,https://experienceleague.adobe.com/en/docs/analytics-platform/using/cja-dataviews/configure-no-value-options-in-data-views,toc_slug_match,dead
AdobeDocs/customer-journey-analytics-learn.en,help/cja-main/TOC.md,Data views,Configure substring component settings,help/cja-main/data-views/configure-substring-component-settings.md,https://experienceleague.adobe.com/en/docs/analytics-platform/using/cja-dataviews/configure-substring-component-settings,https://experienceleague.adobe.com/en/docs/analytics-platform/using/cja-dataviews/configure-substring-component-settings,toc_slug_match,dead
AdobeDocs/customer-journey-analytics-learn.en,help/cja-main/TOC.md,Data views,Configure component settings in data views,help/cja-main/data-views/configuring-component-settings-in-data-views.md,https://experienceleague.adobe.com/en/docs/analytics-platform/using/cja-dataviews/configuring-component-settings-in-data-views,https://experienceleague.adobe.com/en/docs/analytics-platform/using/cja-dataviews/configuring-component-settings-in-data-views,toc_slug_match,dead
AdobeDocs/customer-journey-analytics-learn.en,help/cja-main/TOC.md,Data views,Create summary-level data sources,help/cja-main/data-views/create-summary-level-data-sources.md,https://experienceleague.adobe.com/en/docs/analytics-platform/using/cja-dataviews/create-summary-level-data-sources,https://experienceleague.adobe.com/en/docs/analytics-platform/using/cja-dataviews/create-summary-level-data-sources,toc_slug_match,dead
AdobeDocs/customer-journey-analytics-learn.en,help/cja-main/TOC.md,Data views,Creating value buckets in data views for analysis,help/cja-main/data-views/creating-value-buckets-in-data-views-for-analysis.md,https://experienceleague.adobe.com/en/docs/analytics-platform/using/cja-dataviews/creating-value-buckets-in-data-views-for-analysis,https://experienceleague.adobe.com/en/docs/analytics-platform/using/cja-dataviews/creating-value-buckets-in-data-views-for-analysis,toc_slug_match,dead
AdobeDocs/customer-journey-analytics-learn.en,help/cja-main/TOC.md,Data views,Currency conversion,help/cja-main/data-views/currency-conversion.md,https://experienceleague.adobe.com/en/docs/analytics-platform/using/cja-dataviews/currency-conversion,https://experienceleague.adobe.com/en/docs/analytics-platform/using/cja-dataviews/currency-conversion,toc_slug_match,dead
AdobeDocs/customer-journey-analytics-learn.en,help/cja-main/TOC.md,Data views,Customize Event Depth,help/cja-main/data-views/derived-fields/customize-event-depth-in-derived-fields.md,https://experienceleague.adobe.com/en/docs/analytics-platform/using/cja-dataviews/derived-fields/customize-event-depth-in-derived-fields,https://experienceleague.adobe.com/en/docs/analytics-platform/using/cja-dataviews/derived-fields/customize-event-depth-in-derived-fields,toc_slug_match,dead
AdobeDocs/customer-journey-analytics-learn.en,help/cja-main/TOC.md,Data views,Create derived fields,help/cja-main/data-views/derived-fields/derived-fields-in-cja.md,https://experienceleague.adobe.com/en/docs/analytics-platform/using/cja-dataviews/derived-fields,https://experienceleague.adobe.com/en/docs/analytics-platform/using/cja-dataviews/derived-fields,derived,live
AdobeDocs/customer-journey-analytics-learn.en,help/cja-main/TOC.md,Data views,Use Date Math to calculate time between events,help/cja-main/data-views/derived-fields/use-date-math-to-calculate-time-between-events.md,https://experienceleague.adobe.com/en/docs/analytics-platform/using/cja-dataviews/derived-fields/use-date-math-to-calculate-time-between-events,https://experienceleague.adobe.com/en/docs/analytics-platform/using/cja-dataviews/derived-fields/use-date-math-to-calculate-time-between-events,toc_slug_match,dead
AdobeDocs/customer-journey-analytics-learn.en,help/cja-main/TOC.md,Data views,Use the Math function,help/cja-main/data-views/derived-fields/use-the-math-function-in-derived-fields.md,https://experienceleague.adobe.com/en/docs/analytics-platform/using/cja-dataviews/derived-fields/use-the-math-function-in-derived-fields,https://experienceleague.adobe.com/en/docs/analytics-platform/using/cja-dataviews/derived-fields/use-the-math-function-in-derived-fields,toc_slug_match,dead
AdobeDocs/customer-journey-analytics-learn.en,help/cja-main/TOC.md,Data views,Use the Next or Previous function,help/cja-main/data-views/derived-fields/use-the-next-previous-function-in-derived-fields.md,https://experienceleague.adobe.com/en/docs/analytics-platform/using/cja-dataviews/derived-fields/use-the-next-previous-function-in-derived-fields,https://experienceleague.adobe.com/en/docs/analytics-platform/using/cja-dataviews/derived-fields/use-the-next-previous-function-in-derived-fields,toc_slug_match,dead
AdobeDocs/customer-journey-analytics-learn.en,help/cja-main/TOC.md,Data views,Use Typecasting,help/cja-main/data-views/derived-fields/use-typecasting-in-derived-fields.md,https://experienceleague.adobe.com/en/docs/analytics-platform/using/cja-dataviews/derived-fields/use-typecasting-in-derived-fields,https://experienceleague.adobe.com/en/docs/analytics-platform/using/cja-dataviews/derived-fields/use-typecasting-in-derived-fields,toc_slug_match,dead
AdobeDocs/customer-journey-analytics-learn.en,help/cja-main/TOC.md,Data views,Formatting metrics in data views,help/cja-main/data-views/formatting-metrics-in-data-views.md,https://experienceleague.adobe.com/en/docs/analytics-platform/using/cja-dataviews/formatting-metrics-in-data-views,https://experienceleague.adobe.com/en/docs/analytics-platform/using/cja-dataviews/formatting-metrics-in-data-views,toc_slug_match,dead
AdobeDocs/customer-journey-analytics-learn.en,help/cja-main/TOC.md,Data views,Include or exclude dimension values in data views,help/cja-main/data-views/include-or-exclude-dimension-values-in-data-views.md,https://experienceleague.adobe.com/en/docs/analytics-platform/using/cja-dataviews/include-or-exclude-dimension-values-in-data-views,https://experienceleague.adobe.com/en/docs/analytics-platform/using/cja-dataviews/include-or-exclude-dimension-values-in-data-views,toc_slug_match,dead
AdobeDocs/customer-journey-analytics-learn.en,help/cja-main/TOC.md,Data views,Include or exclude metric values in data views,help/cja-main/data-views/include-or-exclude-metric-values-in-data-views.md,https://experienceleague.adobe.com/en/docs/analytics-platform/using/cja-dataviews/include-or-exclude-metric-values-in-data-views,https://experienceleague.adobe.com/en/docs/analytics-platform/using/cja-dataviews/include-or-exclude-metric-values-in-data-views,toc_slug_match,dead
AdobeDocs/customer-journey-analytics-learn.en,help/cja-main/TOC.md,Data views,Overview of configuring data views for CJA,help/cja-main/data-views/overview-of-configuring-data-views-for-cja.md,https://experienceleague.adobe.com/en/docs/analytics-platform/using/cja-dataviews/overview-of-configuring-data-views-for-cja,https://experienceleague.adobe.com/en/docs/analytics-platform/using/cja-dataviews/overview-of-configuring-data-views-for-cja,toc_slug_match,dead
AdobeDocs/customer-journey-analytics-learn.en,help/cja-main/TOC.md,Experience Platform Integration,Enhanced reporting for Adobe Journey Optimizer,help/cja-main/experience-platform-integration/enhanced-reporting-for-adobe-journey-optimizer.md,https://experienceleague.adobe.com/en/docs/analytics-platform/using/experience-platform-integration/enhanced-reporting-for-adobe-journey-optimizer,https://experienceleague.adobe.com/en/docs/analytics-platform/using/experience-platform-integration/enhanced-reporting-for-adobe-journey-optimizer,toc_slug_match,dead
AdobeDocs/customer-journey-analytics-learn.en,help/cja-main/TOC.md,Exporting,Full table export,help/cja-main/exporting/full-table-export.md,https://experienceleague.adobe.com/en/docs/analytics-platform/using/exporting/full-table-export,https://experienceleague.adobe.com/en/docs/analytics-platform/using/exporting/full-table-export,toc_slug_match,dead
AdobeDocs/customer-journey-analytics-learn.en,help/cja-main/TOC.md,Exporting,Administer and manage full table exports,help/cja-main/exporting/manage-full-table-exports.md,https://experienceleague.adobe.com/en/docs/analytics-platform/using/exporting/manage-full-table-exports,https://experienceleague.adobe.com/en/docs/analytics-platform/using/exporting/manage-full-table-exports,toc_slug_match,dead
AdobeDocs/customer-journey-analytics-learn.en,help/cja-main/TOC.md,Report Builder,Report Builder for Customer Journey Analytics,help/cja-main/exporting/report-builder/report-builder-for-customer-journey-analytics.md,https://experienceleague.adobe.com/en/docs/analytics-platform/using/exporting/report-builder/report-builder-for-customer-journey-analytics,https://experienceleague.adobe.com/en/docs/analytics-platform/using/exporting/report-builder/report-builder-for-customer-journey-analytics,toc_slug_match,dead
AdobeDocs/customer-journey-analytics-learn.en,help/cja-main/TOC.md,Report Builder,Schedule Customer Journey Analytics workbooks using Report Builder,help/cja-main/exporting/report-builder/schedule-cja-workbooks-using-report-builder.md,https://experienceleague.adobe.com/en/docs/analytics-platform/using/exporting/report-builder/schedule-cja-workbooks-using-report-builder,https://experienceleague.adobe.com/en/docs/analytics-platform/using/exporting/report-builder/schedule-cja-workbooks-using-report-builder,toc_slug_match,dead
AdobeDocs/customer-journey-analytics-learn.en,help/cja-main/TOC.md,Guided analysis,Active growth,help/cja-main/guided-analysis/active-growth.md,https://experienceleague.adobe.com/en/docs/analytics-platform/using/guided-analysis/active-growth,https://experienceleague.adobe.com/en/docs/analytics-platform/using/guided-analysis/active-growth,derived,live
AdobeDocs/customer-journey-analytics-learn.en,help/cja-main/TOC.md,Guided analysis,Conversion trends,help/cja-main/guided-analysis/conversion-trends.md,https://experienceleague.adobe.com/en/docs/analytics-platform/using/guided-analysis/conversion-trends,https://experienceleague.adobe.com/en/docs/analytics-platform/using/guided-analysis/conversion-trends,derived,live
AdobeDocs/customer-journey-analytics-learn.en,help/cja-main/TOC.md,Guided analysis,Engagement,help/cja-main/guided-analysis/engagement.md,https://experienceleague.adobe.com/en/docs/analytics-platform/using/guided-analysis/engagement,https://experienceleague.adobe.com/en/docs/analytics-platform/using/guided-analysis/engagement,derived,live
AdobeDocs/customer-journey-analytics-learn.en,help/cja-main/TOC.md,Guided analysis,First use impact,help/cja-main/guided-analysis/first-use-impact.md,https://experienceleague.adobe.com/en/docs/analytics-platform/using/guided-analysis/first-use-impact,https://experienceleague.adobe.com/en/docs/analytics-platform/using/guided-analysis/first-use-impact,derived,live
AdobeDocs/customer-journey-analytics-learn.en,help/cja-main/TOC.md,Guided analysis,Frequency,help/cja-main/guided-analysis/frequency.md,https://experienceleague.adobe.com/en/docs/analytics-platform/using/guided-analysis/frequency,https://experienceleague.adobe.com/en/docs/analytics-platform/using/guided-analysis/frequency,derived,live
AdobeDocs/customer-journey-analytics-learn.en,help/cja-main/TOC.md,Guided analysis,Funnel,help/cja-main/guided-analysis/funnel.md,https://experienceleague.adobe.com/en/docs/analytics-platform/using/guided-analysis/funnel,https://experienceleague.adobe.com/en/docs/analytics-platform/using/guided-analysis/funnel,derived,live
AdobeDocs/customer-journey-analytics-learn.en,help/cja-main/TOC.md,Guided analysis,Use Guided Analysis in Workspace,help/cja-main/guided-analysis/guided-analysis-in-workspace.md,https://experienceleague.adobe.com/en/docs/analytics-platform/using/guided-analysis/overview,https://experienceleague.adobe.com/en/docs/analytics-platform/using/guided-analysis/overview,derived,live
AdobeDocs/customer-journey-analytics-learn.en,help/cja-main/TOC.md,Guided analysis,Net growth,help/cja-main/guided-analysis/net-growth.md,https://experienceleague.adobe.com/en/docs/analytics-platform/using/guided-analysis/net-growth,https://experienceleague.adobe.com/en/docs/analytics-platform/using/guided-analysis/net-growth,derived,live
AdobeDocs/customer-journey-analytics-learn.en,help/cja-main/TOC.md,Guided analysis,Release impact,help/cja-main/guided-analysis/release-impact.md,https://experienceleague.adobe.com/en/docs/analytics-platform/using/guided-analysis/release-impact,https://experienceleague.adobe.com/en/docs/analytics-platform/using/guided-analysis/release-impact,derived,live
AdobeDocs/customer-journey-analytics-learn.en,help/cja-main/TOC.md,Guided analysis,Retention,help/cja-main/guided-analysis/retention.md,https://experienceleague.adobe.com/en/docs/analytics-platform/using/guided-analysis/retention,https://experienceleague.adobe.com/en/docs/analytics-platform/using/guided-analysis/retention,derived,live
AdobeDocs/customer-journey-analytics-learn.en,help/cja-main/TOC.md,Guided analysis,Timeline,help/cja-main/guided-analysis/timeline.md,https://experienceleague.adobe.com/en/docs/analytics-platform/using/guided-analysis/timeline,https://experienceleague.adobe.com/en/docs/analytics-platform/using/guided-analysis/timeline,derived,live
AdobeDocs/customer-journey-analytics-learn.en,help/cja-main/TOC.md,Guided analysis,Trends,help/cja-main/guided-analysis/trends.md,https://experienceleague.adobe.com/en/docs/analytics-platform/using/guided-analysis/trends,https://experienceleague.adobe.com/en/docs/analytics-platform/using/guided-analysis/trends,derived,live
AdobeDocs/customer-journey-analytics-learn.en,help/cja-main/TOC.md,,Customer Journey Analytics overview,help/cja-main/overview.md,https://experienceleague.adobe.com/en/docs/analytics-platform/using/cja-workspace/home,https://experienceleague.adobe.com/en/docs/analytics-platform/using/cja-workspace/home,derived,live
AdobeDocs/customer-journey-analytics-learn.en,help/cja-main/TOC.md,Access Control,Set up permissions,help/cja-main/permissions/set-up-permissions.md,https://experienceleague.adobe.com/en/docs/analytics-platform/using/cja-admin/set-up-permissions,https://experienceleague.adobe.com/en/docs/analytics-platform/using/cja-admin/set-up-permissions,toc_slug_match,dead
AdobeDocs/customer-journey-analytics-learn.en,help/cja-main/TOC.md,Remote MCP server,Remote MCP server for CJA in action,help/cja-main/remote-mcp-server/remote-mcp-server-for-cja-in-action.md,https://experienceleague.adobe.com/en/docs/analytics-platform/using/remote-mcp-server/remote-mcp-server-for-cja-in-action,https://experienceleague.adobe.com/en/docs/analytics-platform/using/remote-mcp-server/remote-mcp-server-for-cja-in-action,toc_slug_match,dead
AdobeDocs/customer-journey-analytics-learn.en,help/cja-main/TOC.md,Remote MCP server,Remote MCP server for CJA overview,help/cja-main/remote-mcp-server/remote-mcp-server-for-cja-overview.md,https://experienceleague.adobe.com/en/docs/analytics-platform/using/remote-mcp-server/remote-mcp-server-for-cja-overview,https://experienceleague.adobe.com/en/docs/analytics-platform/using/remote-mcp-server/remote-mcp-server-for-cja-overview,toc_slug_match,dead
AdobeDocs/customer-journey-analytics-learn.en,help/cja-main/TOC.md,Reporting Activity Manager,Use the Reporting Activity Manager,help/cja-main/reporting-activity-manager/use-the-reporting-activity-manager.md,https://experienceleague.adobe.com/en/docs/analytics-platform/using/cja-admin/use-the-reporting-activity-manager,https://experienceleague.adobe.com/en/docs/analytics-platform/using/cja-admin/use-the-reporting-activity-manager,toc_slug_match,dead
AdobeDocs/customer-journey-analytics-learn.en,help/cja-main/TOC.md,Artifical Intelligence,Track and analyze AI traffic,help/cja-main/use-cases/ai/track-and-analyze-ai-traffic.md,https://experienceleague.adobe.com/en/docs/analytics-platform/using/cja-usecases/ai/track-and-analyze-ai-traffic,https://experienceleague.adobe.com/en/docs/analytics-platform/using/cja-usecases/ai/track-and-analyze-ai-traffic,toc_slug_match,dead
AdobeDocs/customer-journey-analytics-learn.en,help/cja-main/TOC.md,Artifical Intelligence,Validate dataset quality with the Data Engineering Agent,help/cja-main/use-cases/ai/validate-dataset-quality-data-engineering-agent.md,https://experienceleague.adobe.com/en/docs/analytics-platform/using/cja-usecases/ai/validate-dataset-quality-data-engineering-agent,https://experienceleague.adobe.com/en/docs/analytics-platform/using/cja-usecases/ai/validate-dataset-quality-data-engineering-agent,toc_slug_match,dead
AdobeDocs/customer-journey-analytics-learn.en,help/cja-main/TOC.md,Complex data,Use arrays of objects,help/cja-main/use-cases/complex-data/object-arrays-in-cja.md,https://experienceleague.adobe.com/en/docs/analytics-platform/using/cja-usecases/complex-data/object-arrays,https://experienceleague.adobe.com/en/docs/analytics-platform/using/cja-usecases/complex-data/object-arrays,derived,live
AdobeDocs/customer-journey-analytics-learn.en,help/cja-main/TOC.md,Data views use cases,First-time and returning sessions reporting,help/cja-main/use-cases/data-views-use-cases/first-time-and-returning-sessions.md,https://experienceleague.adobe.com/en/docs/analytics-platform/using/cja-usecases/data-views-use-cases/first-time-and-returning-sessions,https://experienceleague.adobe.com/en/docs/analytics-platform/using/cja-usecases/data-views-use-cases/first-time-and-returning-sessions,toc_slug_match,dead
AdobeDocs/customer-journey-analytics-learn.en,help/cja-main/TOC.md,Data views use cases,Use date field support,help/cja-main/use-cases/data-views-use-cases/leverage-date-field-support.md,https://experienceleague.adobe.com/en/docs/analytics-platform/using/cja-usecases/data-views-use-cases/leverage-date-field-support,https://experienceleague.adobe.com/en/docs/analytics-platform/using/cja-usecases/data-views-use-cases/leverage-date-field-support,toc_slug_match,dead
AdobeDocs/customer-journey-analytics-learn.en,help/cja-main/TOC.md,Visitor identification,Configure a missing Person ID,help/cja-main/visitor-id/configure-missing-person-id.md,https://experienceleague.adobe.com/en/docs/analytics-platform/using/visitor-id/configure-missing-person-id,https://experienceleague.adobe.com/en/docs/analytics-platform/using/visitor-id/configure-missing-person-id,toc_slug_match,dead
AdobeDocs/customer-journey-analytics-learn.en,help/cja-main/TOC.md,Visitor identification,Overview of stitching,help/cja-main/visitor-id/overview-of-stitching.md,https://experienceleague.adobe.com/en/docs/analytics-platform/using/visitor-id/overview-of-stitching,https://experienceleague.adobe.com/en/docs/analytics-platform/using/visitor-id/overview-of-stitching,toc_slug_match,dead
AdobeDocs/customer-journey-analytics-learn.en,help/cja-main/TOC.md,Visitor identification,Stitching enablement and validation,help/cja-main/visitor-id/stitching-enablement-and-validation.md,https://experienceleague.adobe.com/en/docs/analytics-platform/using/visitor-id/stitching-enablement-and-validation,https://experienceleague.adobe.com/en/docs/analytics-platform/using/visitor-id/stitching-enablement-and-validation,toc_slug_match,dead
AdobeDocs/customer-journey-analytics-learn.en,help/cja-main/TOC.md,Visitor identification,Understanding how CJA uses identity,help/cja-main/visitor-id/understanding-how-customer-journey-analytics-uses-identity.md,https://experienceleague.adobe.com/en/docs/analytics-platform/using/visitor-id/understanding-how-customer-journey-analytics-uses-identity,https://experienceleague.adobe.com/en/docs/analytics-platform/using/visitor-id/understanding-how-customer-journey-analytics-uses-identity,toc_slug_match,dead
AdobeDocs/customer-journey-analytics-learn.en,help/cja-main/TOC.md,Visitor identification,Validate data and stitching quality using preview,help/cja-main/visitor-id/validate-identity-stitching-quality.md,https://experienceleague.adobe.com/en/docs/analytics-platform/using/visitor-id/validate-identity-stitching-quality,https://experienceleague.adobe.com/en/docs/analytics-platform/using/visitor-id/validate-identity-stitching-quality,toc_slug_match,dead
AdobeDocs/customer-journey-analytics-learn.en,help/video-clips/TOC.md,,Overview,help/video-clips/summit/2025/video-clip-overview.md,,,unmapped,unmapped
